<EXPERIMENT><general expFileVersion="3.6" projectName="Aqualog-UV-800-C_0542U-2122-AL-800" resultsFile="DfAqDDDEEMAbs" resultsDir="C:\Aqualog_Data\2_PNNL_DOM\2022_11_14" resultsFileAutoInc="0" resultsFileAutoIncValue="0" resultsDirAutoInc="0" resultsDirAutoIncValue="0" fireCollect="1" autoSaveData="1" dataSaveMode="1" expSaveMode="0" comment="3D Acquisition[EEM 3D CCD + Absorbance]" templateClass="3" templateType="41" dataAxis="1" interleavedAxis="0" PolarizationFormat="2" UseGFactor="0" GFactor="0" QuickPolarization="0" IsBlankPolarization="0" AnisoMaxTrials="0" AnisoStdError="0" CWASampleType="-1"><accumulations accuNumber="1" accuMode="1"/><cycles cycleNumber="1" cycleMode="1" cycleValue="10"/><optionalParameters CosmicRemoval="0" CosmicRemovalMethod="5" CosmicRemovalParam="0.1" CosmicRemovalParam2="1000" rangeModeEnabled="0" rangeBegin="-1" rangeEnd="-1" rangeOverlap="0"/><files ccdBlankSubtractEnabled="0" ccdBlankSubtractFile="" ccdCorrectionEnabled="0" ccdCorrectionFile=""/><displayOptions displayType="0" XDisplayType="0" updateFrequency="1" noIntermediateDisplay="0" noGraph="0" HideForIntermediateDisplay="0"/><RayleighMasking FirstAndSecondOrderPostProcessEnable="0" ThirdOrderPostProcessEnabled="0" SlitWidth="10"/><ltOptions ltConditional="0" ltAccumType="1" ltStdValue="0" ltTimeIncrement="1" ltTotalTime="6" ltMinValue="1" ltMaxValue="1" ltStdError="-1" ltIntegrationTime="0.1" ltNumberOfSamples="0" ltNumberOfAvgs="0" ltNumberOfGroups="0" ltADGFactor="-1" ltADMeasureLT="0" ltADPolStdPositions="0" ltADPolUnkPositions="0" ltStdPositions="0" ltUnkPositions="0" ltStdState="0" ltStdFileName=""/></general><specific><samples/><Aqualog BlankSampleSetup="1" AqualogBlankFile="C:\Users\Public\Documents\Jobin Yvon\Data\Blank.blank"/></specific><Units><Unit Type="1" Value="3"/><Unit Type="7" Value="0"/><LaserLine LaserLineValue="500"/></Units><Overlays/><Correction><CCD1  darkEnabled="-1" blankEnabled="0" blankFile="C:\Users\Public\Documents\Jobin Yvon\Data\Blank.blank" correctionEnabled="0"/><SCD1  darkEnabled="-1" blankEnabled="0" blankFile="C:\Users\Public\Documents\Jobin Yvon\Data\Blank.blank" correctionEnabled="0"/><SCD2  darkEnabled="-1" blankEnabled="0" blankFile="C:\Users\Public\Documents\Jobin Yvon\Data\Blank.blank" correctionEnabled="0"/></Correction><dataObjects><RawSignal Description="SIGNAL_001"><Signal DeviceID="CCD1" SignalIndex="1"/></RawSignal><RawSignal Description="SIGNAL_002"><Signal DeviceID="SCD1" SignalIndex="1"/></RawSignal><RawSignal Description="SIGNAL_003"><Signal DeviceID="SCD2" SignalIndex="1"/></RawSignal></dataObjects><StartOps><Op Action="1" Command="31" Priority="1" Type="5" Device="CCD1" AxisBound="0" AxisIndex="0" AbsoluteAxisIndex="-1" Subpriority="-1000"><Parameters><Param Type="3" Value="1"/></Parameters></Op><Op Action="1" Command="29" Priority="1" Type="5" Device="CCD1" AxisBound="0" AxisIndex="0" AbsoluteAxisIndex="-1" Subpriority="-1000"><Parameters><Param Type="3" Value="0"/></Parameters></Op><Op Action="1" Command="29" Priority="1" Type="5" Device="SCD1" AxisBound="0" AxisIndex="0" AbsoluteAxisIndex="-1" Subpriority="-1000"><Parameters><Param Type="3" Value="0"/></Parameters></Op><Op Action="1" Command="29" Priority="1" Type="5" Device="SCD2" AxisBound="0" AxisIndex="0" AbsoluteAxisIndex="-1" Subpriority="-1000"><Parameters><Param Type="3" Value="0"/></Parameters></Op><Op Action="1" Command="44" Priority="1" Type="5" Device="SCD1" AxisBound="0" AxisIndex="0" AbsoluteAxisIndex="-1" Subpriority="0"><Parameters><Param Type="3" Value="0"/></Parameters></Op><Op Action="1" Command="44" Priority="1" Type="5" Device="SCD2" AxisBound="0" AxisIndex="0" AbsoluteAxisIndex="-1" Subpriority="0"><Parameters><Param Type="3" Value="0"/></Parameters></Op><Op Action="1" Command="110" Priority="1" Type="5" Device="SCD2" AxisBound="0" AxisIndex="0" AbsoluteAxisIndex="-1" Subpriority="-1000"><Parameters><Param Type="3" Value="0"/></Parameters></Op><Op Action="1" Command="2" Priority="1" Type="5" Device="Mono2" AxisBound="0" AxisIndex="0" AbsoluteAxisIndex="-1" Subpriority="-100"><Parameters><Param Type="2" Value="533.25"/><Param Type="38" Value="0"/></Parameters></Op><Op Action="1" Command="2" Priority="1" Type="5" Device="Mono1" AxisBound="0" AxisIndex="0" AbsoluteAxisIndex="-1" Subpriority="-100"><Parameters><Param Type="2" Value="800"/><Param Type="38" Value="0"/></Parameters></Op><Op Action="1" Command="5" Priority="3" Type="5" Device="SCD1" AxisBound="0" AxisIndex="0" AbsoluteAxisIndex="-1" Subpriority="0"><Parameters><Param Type="3" Value="5"/></Parameters></Op><Op Action="1" Command="5" Priority="1" Type="5" Device="SCD1" AxisBound="0" AxisIndex="0" AbsoluteAxisIndex="-1" Subpriority="-100"><Parameters><Param Type="3" Value="10"/></Parameters></Op><Op Action="2" Command="4" Priority="2" Type="5" Device="SCD1" AxisBound="0" AxisIndex="0" AbsoluteAxisIndex="-1" Subpriority="0"><Parameters><Param Type="19" Value="-1"/></Parameters></Op><Op Action="2" Command="37" Priority="1" Type="5" Device="SCD1" AxisBound="0" AxisIndex="0" AbsoluteAxisIndex="-1" Subpriority="6000"><Parameters/></Op><Op Action="1" Command="29" Priority="3" Type="5" Device="SCD1" AxisBound="0" AxisIndex="0" AbsoluteAxisIndex="-1" Subpriority="5010"><Parameters><Param Type="3" Value="0"/></Parameters></Op><Op Action="1" Command="36" Priority="1" Type="5" Device="SCD1" AxisBound="0" AxisIndex="0" AbsoluteAxisIndex="-1" Subpriority="0"><Parameters><Param Type="3" Value="22"/><Param Type="38" Value="5"/></Parameters></Op><Op Action="2" Command="37" Priority="3" Type="5" Device="SCD1" AxisBound="0" AxisIndex="0" AbsoluteAxisIndex="-1" Subpriority="6002"><Parameters/></Op><Op Action="1" Command="5" Priority="3" Type="5" Device="SCD2" AxisBound="0" AxisIndex="0" AbsoluteAxisIndex="-1" Subpriority="0"><Parameters><Param Type="3" Value="5"/></Parameters></Op><Op Action="1" Command="5" Priority="1" Type="5" Device="SCD2" AxisBound="0" AxisIndex="0" AbsoluteAxisIndex="-1" Subpriority="-100"><Parameters><Param Type="3" Value="10"/></Parameters></Op><Op Action="2" Command="4" Priority="2" Type="5" Device="SCD2" AxisBound="0" AxisIndex="0" AbsoluteAxisIndex="-1" Subpriority="0"><Parameters><Param Type="19" Value="-1"/></Parameters></Op><Op Action="2" Command="37" Priority="1" Type="5" Device="SCD2" AxisBound="0" AxisIndex="0" AbsoluteAxisIndex="-1" Subpriority="6000"><Parameters/></Op><Op Action="1" Command="29" Priority="3" Type="5" Device="SCD2" AxisBound="0" AxisIndex="0" AbsoluteAxisIndex="-1" Subpriority="5010"><Parameters><Param Type="3" Value="0"/></Parameters></Op><Op Action="1" Command="36" Priority="1" Type="5" Device="SCD2" AxisBound="0" AxisIndex="0" AbsoluteAxisIndex="-1" Subpriority="0"><Parameters><Param Type="3" Value="22"/><Param Type="38" Value="5"/></Parameters></Op><Op Action="2" Command="37" Priority="3" Type="5" Device="SCD2" AxisBound="0" AxisIndex="0" AbsoluteAxisIndex="-1" Subpriority="6002"><Parameters/></Op><Op Action="1" Command="5" Priority="3" Type="5" Device="CCD1" AxisBound="0" AxisIndex="0" AbsoluteAxisIndex="-1" Subpriority="0"><Parameters><Param Type="3" Value="5"/></Parameters></Op><Op Action="1" Command="5" Priority="1" Type="5" Device="CCD1" AxisBound="0" AxisIndex="0" AbsoluteAxisIndex="-1" Subpriority="-100"><Parameters><Param Type="3" Value="5"/></Parameters></Op><Op Action="2" Command="4" Priority="2" Type="5" Device="CCD1" AxisBound="0" AxisIndex="0" AbsoluteAxisIndex="-1" Subpriority="-100"><Parameters><Param Type="19" Value="-1"/></Parameters></Op><Op Action="2" Command="37" Priority="1" Type="5" Device="CCD1" AxisBound="0" AxisIndex="0" AbsoluteAxisIndex="-1" Subpriority="6000"><Parameters/></Op><Op Action="1" Command="8" Priority="1" Type="5" Device="CCD1" AxisBound="0" AxisIndex="0" AbsoluteAxisIndex="-1" Subpriority="-100"><Parameters><Param Type="3" Value="1"/><Param Type="10" Value="1"/></Parameters></Op><Op Action="1" Command="9" Priority="1" Type="5" Device="CCD1" AxisBound="0" AxisIndex="0" AbsoluteAxisIndex="-1" Subpriority="100"><Parameters><Param Type="11" Value="1"/><Param Type="13" Value="1"/><Param Type="14" Value="1"/><Param Type="15" Value="1000"/><Param Type="16" Value="64"/><Param Type="17" Value="4"/><Param Type="18" Value="64"/></Parameters></Op><Op Action="1" Command="29" Priority="3" Type="5" Device="CCD1" AxisBound="0" AxisIndex="0" AbsoluteAxisIndex="-1" Subpriority="5010"><Parameters><Param Type="3" Value="0"/></Parameters></Op><Op Action="1" Command="36" Priority="1" Type="5" Device="CCD1" AxisBound="0" AxisIndex="0" AbsoluteAxisIndex="-1" Subpriority="0"><Parameters><Param Type="3" Value="23"/></Parameters></Op><Op Action="1" Command="34" Priority="1" Type="5" Device="CCD1" AxisBound="0" AxisIndex="0" AbsoluteAxisIndex="-1" Subpriority="0"><Parameters><Param Type="3" Value="1"/><Param Type="38" Value="0"/></Parameters></Op><Op Action="2" Command="10" Priority="1" Type="5" Device="CCD1" AxisBound="0" AxisIndex="0" AbsoluteAxisIndex="-1" Subpriority="0"><Parameters/></Op><Op Action="1" Command="6" Priority="1" Type="5" Device="CCD1" AxisBound="0" AxisIndex="0" AbsoluteAxisIndex="-1" Subpriority="-100"><Parameters><Param Type="3" Value="4"/></Parameters></Op><Op Action="1" Command="7" Priority="1" Type="5" Device="CCD1" AxisBound="0" AxisIndex="0" AbsoluteAxisIndex="-1" Subpriority="0"><Parameters><Param Type="3" Value="0"/></Parameters></Op><Op Action="2" Command="37" Priority="3" Type="5" Device="CCD1" AxisBound="0" AxisIndex="0" AbsoluteAxisIndex="-1" Subpriority="6002"><Parameters/></Op><Op Action="1" Command="108" Priority="1" Type="5" Device="SCD1" AxisBound="0" AxisIndex="0" AbsoluteAxisIndex="-1" Subpriority="-10000"><Parameters><Param Type="3" Value="-1"/></Parameters></Op><Op Action="1" Command="109" Priority="1" Type="5" Device="SCD1" AxisBound="0" AxisIndex="0" AbsoluteAxisIndex="-1" Subpriority="6100"><Parameters><Param Type="3" Value="1"/></Parameters></Op><Op Action="1" Command="108" Priority="1" Type="5" Device="SCD2" AxisBound="0" AxisIndex="0" AbsoluteAxisIndex="-1" Subpriority="-10000"><Parameters><Param Type="3" Value="-1"/></Parameters></Op><Op Action="1" Command="109" Priority="1" Type="5" Device="SCD2" AxisBound="0" AxisIndex="0" AbsoluteAxisIndex="-1" Subpriority="6100"><Parameters><Param Type="3" Value="1"/></Parameters></Op><Op Action="1" Command="108" Priority="1" Type="5" Device="CCD1" AxisBound="0" AxisIndex="0" AbsoluteAxisIndex="-1" Subpriority="-10000"><Parameters><Param Type="3" Value="-1"/></Parameters></Op><Op Action="1" Command="109" Priority="1" Type="5" Device="CCD1" AxisBound="0" AxisIndex="0" AbsoluteAxisIndex="-1" Subpriority="6100"><Parameters><Param Type="3" Value="1"/></Parameters></Op><Op Action="1" Command="109" Priority="1" Type="5" Device="SCD1" AxisBound="0" AxisIndex="0" AbsoluteAxisIndex="-1" Subpriority="6100"><Parameters><Param Type="3" Value="-1"/></Parameters></Op><Op Action="1" Command="109" Priority="1" Type="5" Device="SCD2" AxisBound="0" AxisIndex="0" AbsoluteAxisIndex="-1" Subpriority="6100"><Parameters><Param Type="3" Value="-1"/></Parameters></Op><Op Action="1" Command="35" Priority="1" Type="5" Device="Mono1" AxisBound="0" AxisIndex="0" AbsoluteAxisIndex="-1" Subpriority="0"><Parameters><Param Type="3" Value="3"/><Param Type="38" Value="1"/></Parameters></Op><Op Action="1" Command="35" Priority="1" Type="5" Device="Mono1" AxisBound="0" AxisIndex="0" AbsoluteAxisIndex="-1" Subpriority="0"><Parameters><Param Type="3" Value="14"/><Param Type="38" Value="3"/></Parameters></Op><Op Action="1" Command="36" Priority="1" Type="5" Device="SCD1" AxisBound="0" AxisIndex="0" AbsoluteAxisIndex="-1" Subpriority="0"><Parameters><Param Type="3" Value="23"/><Param Type="38" Value="5"/></Parameters></Op><Op Action="1" Command="7" Priority="1" Type="5" Device="SCD1" AxisBound="0" AxisIndex="0" AbsoluteAxisIndex="-1" Subpriority="0"><Parameters><Param Type="3" Value="3"/></Parameters></Op><Op Action="1" Command="18" Priority="1" Type="5" Device="SCD1" AxisBound="0" AxisIndex="0" AbsoluteAxisIndex="-1" Subpriority="0"><Parameters><Param Type="3" Value="950"/></Parameters></Op><Op Action="1" Command="36" Priority="1" Type="5" Device="SCD1" AxisBound="0" AxisIndex="0" AbsoluteAxisIndex="-1" Subpriority="0"><Parameters><Param Type="3" Value="22"/><Param Type="38" Value="5"/></Parameters></Op><Op Action="1" Command="35" Priority="1" Type="5" Device="SCD1" AxisBound="0" AxisIndex="0" AbsoluteAxisIndex="-1" Subpriority="0"><Parameters><Param Type="3" Value="14"/><Param Type="38" Value="3"/></Parameters></Op><Op Action="1" Command="36" Priority="1" Type="5" Device="SCD2" AxisBound="0" AxisIndex="0" AbsoluteAxisIndex="-1" Subpriority="0"><Parameters><Param Type="3" Value="23"/><Param Type="38" Value="5"/></Parameters></Op><Op Action="1" Command="36" Priority="1" Type="5" Device="SCD2" AxisBound="0" AxisIndex="0" AbsoluteAxisIndex="-1" Subpriority="0"><Parameters><Param Type="3" Value="22"/><Param Type="38" Value="5"/></Parameters></Op><Op Action="1" Command="35" Priority="1" Type="5" Device="SCD2" AxisBound="0" AxisIndex="0" AbsoluteAxisIndex="-1" Subpriority="0"><Parameters><Param Type="3" Value="14"/><Param Type="38" Value="3"/></Parameters></Op><Op Action="1" Command="7" Priority="1" Type="5" Device="SCD2" AxisBound="0" AxisIndex="0" AbsoluteAxisIndex="-1" Subpriority="0"><Parameters><Param Type="3" Value="3"/></Parameters></Op><Op Action="1" Command="18" Priority="1" Type="5" Device="SCD2" AxisBound="0" AxisIndex="0" AbsoluteAxisIndex="-1" Subpriority="0"><Parameters><Param Type="3" Value="950"/></Parameters></Op><Op Action="1" Command="35" Priority="1" Type="5" Device="Mono2" AxisBound="0" AxisIndex="0" AbsoluteAxisIndex="-1" Subpriority="0"><Parameters><Param Type="3" Value="3"/><Param Type="38" Value="1"/></Parameters></Op><Op Action="1" Command="35" Priority="1" Type="5" Device="Mono2" AxisBound="0" AxisIndex="0" AbsoluteAxisIndex="-1" Subpriority="0"><Parameters><Param Type="3" Value="14"/><Param Type="38" Value="3"/></Parameters></Op><Op Action="1" Command="36" Priority="1" Type="5" Device="CCD1" AxisBound="0" AxisIndex="0" AbsoluteAxisIndex="-1" Subpriority="0"><Parameters><Param Type="3" Value="23"/></Parameters></Op><Op Action="1" Command="35" Priority="1" Type="5" Device="CCD1" AxisBound="0" AxisIndex="0" AbsoluteAxisIndex="-1" Subpriority="0"><Parameters><Param Type="3" Value="3"/><Param Type="38" Value="1"/></Parameters></Op><Op Action="1" Command="36" Priority="1" Type="5" Device="CCD1" AxisBound="0" AxisIndex="0" AbsoluteAxisIndex="-1" Subpriority="0"><Parameters><Param Type="3" Value="23"/></Parameters></Op><Op Action="1" Command="35" Priority="1" Type="5" Device="CCD1" AxisBound="0" AxisIndex="0" AbsoluteAxisIndex="-1" Subpriority="0"><Parameters><Param Type="3" Value="14"/><Param Type="38" Value="3"/></Parameters></Op><Op Action="1" Command="21" Priority="1" Type="5" Device="SCD1" AxisBound="0" AxisIndex="0" AbsoluteAxisIndex="-1" Subpriority="0"><Parameters/></Op><Op Action="1" Command="21" Priority="1" Type="5" Device="CCD1" AxisBound="0" AxisIndex="0" AbsoluteAxisIndex="-1" Subpriority="0"><Parameters/></Op></StartOps><ExpAxis><Axis Index="1" AxisType="1" Units="3" IsEven="-1" Increment="0" SenderDevType="0" Begin="533.25" End="533.25"><Operations><Op Action="1" Command="109" Priority="1" Type="1" Device="SCD1" AxisBound="0" AxisIndex="0" AbsoluteAxisIndex="-1" Subpriority="-1000"><Parameters><Param Type="3" Value="0"/></Parameters></Op><Op Action="1" Command="109" Priority="1" Type="1" Device="SCD2" AxisBound="0" AxisIndex="0" AbsoluteAxisIndex="-1" Subpriority="-1000"><Parameters><Param Type="3" Value="0"/></Parameters></Op><Op Action="1" Command="109" Priority="1" Type="1" Device="CCD1" AxisBound="0" AxisIndex="0" AbsoluteAxisIndex="-1" Subpriority="-1000"><Parameters><Param Type="3" Value="0"/></Parameters></Op><Op Action="2" Command="4" Priority="2" Type="1" Device="CCD1" AxisBound="0" AxisIndex="0" AbsoluteAxisIndex="-1" Subpriority="-100"><Parameters><Param Type="19" Value="0"/></Parameters></Op><Op Action="2" Command="4" Priority="2" Type="1" Device="SCD1" AxisBound="0" AxisIndex="0" AbsoluteAxisIndex="-1" Subpriority="0"><Parameters><Param Type="19" Value="0"/></Parameters></Op><Op Action="2" Command="4" Priority="2" Type="1" Device="SCD2" AxisBound="0" AxisIndex="0" AbsoluteAxisIndex="-1" Subpriority="0"><Parameters><Param Type="19" Value="0"/></Parameters></Op></Operations><StartOfAxisOps/><EndOfAxisOps/></Axis><Axis Index="2" AxisType="1" Units="3" IsEven="-1" Increment="3" SenderDevType="3" Begin="800" End="240"><Operations><Op Action="1" Command="2" Priority="1" Type="1" Device="Mono1" AxisBound="-1" AxisIndex="0" AbsoluteAxisIndex="-1" Subpriority="-100"><Parameters><Param Type="2" Value="800"/><Param Type="3" Value="0"/><Param Type="39" Value="1"/></Parameters></Op></Operations><StartOfAxisOps><Op Action="1" Command="2" Priority="1" Type="8" Device="Mono1" AxisBound="0" AxisIndex="0" AbsoluteAxisIndex="-1" Subpriority="-100"><Parameters><Param Type="2" Value="800"/></Parameters></Op><Op Action="1" Command="14" Priority="3" Type="8" Device="Mono1" AxisBound="0" AxisIndex="0" AbsoluteAxisIndex="-1" Subpriority="6000"><Parameters><Param Type="2" Value="1"/></Parameters></Op></StartOfAxisOps><EndOfAxisOps><Op Action="1" Command="14" Priority="1" Type="11" Device="Mono1" AxisBound="0" AxisIndex="0" AbsoluteAxisIndex="-1" Subpriority="-1000"><Parameters><Param Type="2" Value="0"/></Parameters></Op></EndOfAxisOps></Axis></ExpAxis><EndOps><Op Action="1" Command="31" Priority="1" Type="6" Device="CCD1" AxisBound="0" AxisIndex="0" AbsoluteAxisIndex="-1" Subpriority="0"><Parameters><Param Type="3" Value="1"/></Parameters></Op><Op Action="1" Command="44" Priority="1" Type="6" Device="SCD1" AxisBound="0" AxisIndex="0" AbsoluteAxisIndex="-1" Subpriority="0"><Parameters><Param Type="3" Value="0"/></Parameters></Op><Op Action="1" Command="44" Priority="1" Type="6" Device="SCD2" AxisBound="0" AxisIndex="0" AbsoluteAxisIndex="-1" Subpriority="0"><Parameters><Param Type="3" Value="0"/></Parameters></Op><Op Action="1" Command="29" Priority="1" Type="6" Device="SCD1" AxisBound="0" AxisIndex="0" AbsoluteAxisIndex="-1" Subpriority="6000"><Parameters><Param Type="3" Value="0"/></Parameters></Op><Op Action="1" Command="29" Priority="1" Type="6" Device="SCD2" AxisBound="0" AxisIndex="0" AbsoluteAxisIndex="-1" Subpriority="6000"><Parameters><Param Type="3" Value="0"/></Parameters></Op><Op Action="1" Command="29" Priority="1" Type="6" Device="CCD1" AxisBound="0" AxisIndex="0" AbsoluteAxisIndex="-1" Subpriority="6000"><Parameters><Param Type="3" Value="0"/></Parameters></Op><Op Action="1" Command="108" Priority="3" Type="6" Device="SCD1" AxisBound="0" AxisIndex="0" AbsoluteAxisIndex="-1" Subpriority="6000"><Parameters><Param Type="3" Value="0"/></Parameters></Op><Op Action="1" Command="108" Priority="3" Type="6" Device="SCD2" AxisBound="0" AxisIndex="0" AbsoluteAxisIndex="-1" Subpriority="6000"><Parameters><Param Type="3" Value="0"/></Parameters></Op><Op Action="1" Command="108" Priority="3" Type="6" Device="CCD1" AxisBound="0" AxisIndex="0" AbsoluteAxisIndex="-1" Subpriority="6000"><Parameters><Param Type="3" Value="0"/></Parameters></Op></EndOps><StartAllOps/><GroupsAllOps/><GroupOps/></EXPERIMENT>
